[
  {
    "id": "e61d5306-e3be-4dba-8bf3-fce8a9af09f5",
    "data": [
      {
        "text": "hola que tal",
        "userDefined": false
      }
    ],
    "isTemplate": false,
    "count": 0,
    "lang": "es",
    "updated": 0
  },
  {
    "id": "ffe27f41-725d-46c4-997d-2adaf0aa92db",
    "data": [
      {
        "text": "Que mas",
        "userDefined": false
      }
    ],
    "isTemplate": false,
    "count": 0,
    "lang": "es",
    "updated": 0
  },
  {
    "id": "787954c8-4ad1-4a03-a79d-a76f4e74b934",
    "data": [
      {
        "text": "Hola",
        "userDefined": false
      }
    ],
    "isTemplate": false,
    "count": 0,
    "lang": "es",
    "updated": 0
  },
  {
    "id": "00d48de5-d4ea-4e7e-93cd-4a36eb460086",
    "data": [
      {
        "text": "Buen dia",
        "userDefined": false
      }
    ],
    "isTemplate": false,
    "count": 1,
    "lang": "es",
    "updated": 0
  }
]