[
  {
    "id": "e570a5ad-8a43-414d-bb2f-908053550d92",
    "data": [
      {
        "text": "quiero comer",
        "userDefined": false
      }
    ],
    "isTemplate": false,
    "count": 0,
    "lang": "es",
    "updated": 0
  },
  {
    "id": "baaef25c-b8b9-422c-b9aa-8bd550978707",
    "data": [
      {
        "text": "quiero reservar",
        "userDefined": false
      }
    ],
    "isTemplate": false,
    "count": 0,
    "lang": "es",
    "updated": 0
  },
  {
    "id": "e8b95bdb-3c8f-443c-b249-a1b7326062aa",
    "data": [
      {
        "text": "quiero hacer una reserva",
        "userDefined": false
      }
    ],
    "isTemplate": false,
    "count": 0,
    "lang": "es",
    "updated": 0
  },
  {
    "id": "ca3ee066-2729-4ec5-bfc9-a8c3f22f2084",
    "data": [
      {
        "text": "Quiero hacer ",
        "userDefined": false
      },
      {
        "text": "una",
        "meta": "@sys.number",
        "alias": "number",
        "userDefined": false
      },
      {
        "text": " reserva ",
        "userDefined": false
      },
      {
        "text": "para",
        "meta": "@sys.geo-state",
        "alias": "geo-state",
        "userDefined": false
      },
      {
        "text": " el ",
        "userDefined": false
      },
      {
        "text": "día de mañana",
        "meta": "@sys.date-time",
        "alias": "date-time",
        "userDefined": false
      }
    ],
    "isTemplate": false,
    "count": 0,
    "lang": "es",
    "updated": 0
  },
  {
    "id": "5f9169bc-07d2-4507-adc4-7f04829bf0d2",
    "data": [
      {
        "text": "Quiero realizar ",
        "userDefined": false
      },
      {
        "text": "una",
        "meta": "@sys.number",
        "alias": "number",
        "userDefined": false
      },
      {
        "text": " reserva ",
        "userDefined": false
      },
      {
        "text": "para",
        "meta": "@sys.geo-state",
        "alias": "geo-state",
        "userDefined": false
      },
      {
        "text": " el ",
        "userDefined": false
      },
      {
        "text": "día sábado 30 de abril",
        "meta": "@sys.date-time",
        "alias": "date-time",
        "userDefined": false
      }
    ],
    "isTemplate": false,
    "count": 0,
    "lang": "es",
    "updated": 0
  },
  {
    "id": "4fc8800a-ad5f-49fe-aacf-79956bfcf186",
    "data": [
      {
        "text": "Me gustaria hacer ",
        "userDefined": false
      },
      {
        "text": "una",
        "meta": "@sys.number",
        "alias": "number",
        "userDefined": false
      },
      {
        "text": " reserva",
        "userDefined": false
      }
    ],
    "isTemplate": false,
    "count": 0,
    "lang": "es",
    "updated": 0
  }
]